[
  {
    "id": "375b79c2-04db-47d0-8873-764c20e2d178",
    "data": [
      {
        "text": "hey",
        "userDefined": false
      }
    ],
    "isTemplate": false,
    "count": 0,
    "updated": 1502343515
  },
  {
    "id": "a881579f-5931-4e4d-a7d4-26b3511bf74b",
    "data": [
      {
        "text": "Hello",
        "userDefined": false
      }
    ],
    "isTemplate": false,
    "count": 0,
    "updated": 0
  },
  {
    "id": "e0443a8e-1368-4b78-ab69-9dd42cca92e1",
    "data": [
      {
        "text": "Hi",
        "userDefined": false
      }
    ],
    "isTemplate": false,
    "count": 0,
    "updated": 0
  }
]