[
  {
    "id": "efb95546-8927-4d3c-ab1d-b2b4952906ad",
    "data": [
      {
        "text": "4 year",
        "alias": "experience",
        "meta": "@experience",
        "userDefined": true
      }
    ],
    "isTemplate": false,
    "count": 0,
    "updated": 0
  },
  {
    "id": "c8721093-dc5d-45d2-9ee5-ac14cfe8aab4",
    "data": [
      {
        "text": "i am having ",
        "userDefined": false
      },
      {
        "text": "3 year",
        "alias": "experience",
        "meta": "@experience",
        "userDefined": true
      },
      {
        "text": " experience",
        "userDefined": false
      }
    ],
    "isTemplate": false,
    "count": 0,
    "updated": 0
  }
]