[
  {
    "id": "bfed73c7-4de4-4fef-8e9e-b9e5cded19d4",
    "data": [
      {
        "text": "tamilnadu",
        "alias": "state",
        "meta": "@sys.any",
        "userDefined": true
      }
    ],
    "isTemplate": false,
    "count": 0,
    "updated": 1502372745
  },
  {
    "id": "e7c8d5b9-0bc0-4972-97cc-9d2f36760b8d",
    "data": [
      {
        "text": "yes",
        "userDefined": false
      }
    ],
    "isTemplate": false,
    "count": 0,
    "updated": 0
  },
  {
    "id": "86d0be48-34bf-4c5a-98b9-373f071494af",
    "data": [
      {
        "text": "ISO 9001",
        "alias": "skills",
        "meta": "@skills",
        "userDefined": true
      }
    ],
    "isTemplate": false,
    "count": 0,
    "updated": 0
  },
  {
    "id": "e40411a0-b8c6-4017-8b6f-d7d177080412",
    "data": [
      {
        "text": "yes, i am having knowledge of ",
        "userDefined": false
      },
      {
        "text": "ISO 9001",
        "alias": "skills",
        "meta": "@skills",
        "userDefined": true
      }
    ],
    "isTemplate": false,
    "count": 0,
    "updated": 0
  }
]