[
  {
    "id": "a93019c5-a9f0-4eb4-bfd1-dd3c782f8175",
    "data": [
      {
        "text": "searching for job",
        "userDefined": false
      }
    ],
    "isTemplate": false,
    "count": 0,
    "updated": 1502343812
  },
  {
    "id": "aff95a63-d35c-4458-9cec-0ce2c7298a9c",
    "data": [
      {
        "text": "I want to refer my relative for vacancy",
        "userDefined": false
      }
    ],
    "isTemplate": false,
    "count": 0,
    "updated": 0
  },
  {
    "id": "77baa0a5-25a4-4019-a0a4-e56a92cec2b4",
    "data": [
      {
        "text": "I want to refer my friend for vacancy",
        "userDefined": false
      }
    ],
    "isTemplate": false,
    "count": 0,
    "updated": 0
  },
  {
    "id": "a0a218d0-2870-4d41-9714-159edf445a8d",
    "data": [
      {
        "text": "looking for a job",
        "userDefined": false
      }
    ],
    "isTemplate": false,
    "count": 0,
    "updated": 0
  }
]