[
  {
    "id": "23c88c5e-217a-4e5b-8a27-d4a911d760e0",
    "data": [
      {
        "text": "Sorry, I am fresher",
        "userDefined": false
      }
    ],
    "isTemplate": false,
    "count": 0,
    "updated": 0
  },
  {
    "id": "33f7c6d5-aca4-420b-8c15-f9b29adff8a2",
    "data": [
      {
        "text": "no any knowldge",
        "userDefined": false
      }
    ],
    "isTemplate": false,
    "count": 0,
    "updated": 0
  },
  {
    "id": "77864880-b357-401d-9aa5-9d46fb8fde27",
    "data": [
      {
        "text": "no any experience",
        "userDefined": false
      }
    ],
    "isTemplate": false,
    "count": 0,
    "updated": 0
  },
  {
    "id": "15920e01-8862-42be-875f-366a2be58f0e",
    "data": [
      {
        "text": "no, I am not having any experience",
        "userDefined": false
      }
    ],
    "isTemplate": false,
    "count": 0,
    "updated": 0
  }
]