[
  {
    "value": "0",
    "synonyms": [
      "0",
      "no any experience",
      "No Any Experience",
      "Null"
    ]
  },
  {
    "value": "1",
    "synonyms": [
      "1",
      "One",
      "one"
    ]
  },
  {
    "value": "2",
    "synonyms": [
      "2",
      "Two",
      "two"
    ]
  },
  {
    "value": "3",
    "synonyms": [
      "3",
      "Three",
      "three"
    ]
  },
  {
    "value": "4",
    "synonyms": [
      "4",
      "Four",
      "four"
    ]
  },
  {
    "value": "5",
    "synonyms": [
      "5",
      "Five",
      "five"
    ]
  },
  {
    "value": "6",
    "synonyms": [
      "6",
      "Six",
      "six"
    ]
  },
  {
    "value": "7",
    "synonyms": [
      "7",
      "Seven",
      "seven"
    ]
  },
  {
    "value": "8",
    "synonyms": [
      "8",
      "Eight",
      "eight"
    ]
  },
  {
    "value": "9",
    "synonyms": [
      "9",
      "Nine",
      "nine"
    ]
  },
  {
    "value": "10",
    "synonyms": [
      "10",
      "Ten",
      "ten"
    ]
  }
]