[
  {
    "value": "Quality",
    "synonyms": [
      "Quality",
      "quality"
    ]
  },
  {
    "value": "IT",
    "synonyms": [
      "IT",
      "it"
    ]
  },
  {
    "value": "Operations",
    "synonyms": [
      "Operations",
      "operations"
    ]
  },
  {
    "value": "Design and Technology",
    "synonyms": [
      "Design and Technology",
      "design and technology"
    ]
  },
  {
    "value": "Finance",
    "synonyms": [
      "Finance",
      "finance"
    ]
  },
  {
    "value": "Marketing",
    "synonyms": [
      "Marketing",
      "marketing"
    ]
  },
  {
    "value": "Human Resource",
    "synonyms": [
      "Human Resource",
      "human resource"
    ]
  },
  {
    "value": "Administration",
    "synonyms": [
      "Administration",
      "administration"
    ]
  },
  {
    "value": "Human Resource",
    "synonyms": [
      "Human Resource"
    ]
  }
]